"supplier_name","supplier_category","client_category_code","client_category_label"
"also_data","Audio, Video, Display & TV - Audio & Video Systems - Digital AV Systems","",""
"also_data","Audio, Video, Display & TV - Cameras & Optical Systems - Binocular, Microscope & Telescope","",""
"also_data","Audio, Video, Display & TV - Cameras & Optical Systems - Camcorders","",""
"also_data","Audio, Video, Display & TV - Cameras & Optical Systems - Digital Cameras","",""
"also_data","Audio, Video, Display & TV - Cameras & Optical Systems - Network Cameras","",""
"also_data","Audio, Video, Display & TV - Cameras & Optical Systems - Webcams","",""
"also_data","Audio, Video, Display & TV - Displays - Business Monitors","",""
"also_data","Audio, Video, Display & TV - Displays - Consumer & Gaming Monitors","",""
"also_data","Audio, Video, Display & TV - Displays - Portable Monitors","",""
"also_data","Audio, Video, Display & TV - Headsets & Microphones - Business Headsets","",""
"also_data","Audio, Video, Display & TV - Headsets & Microphones - Consumer & Gaming Headsets","",""
"also_data","Audio, Video, Display & TV - Headsets & Microphones - Microphones & Dictaphones","",""
"also_data","Audio, Video, Display & TV - Options & Accessories - Audio & Video Accessories","",""
"also_data","Audio, Video, Display & TV - Options & Accessories - Audio, Video Adapters & Cables","",""
"also_data","Audio, Video, Display & TV - Options & Accessories - Camera, Drone, Webcam - Accessories","",""
"also_data","Audio, Video, Display & TV - Options & Accessories - Floor Stands & Trolleys","",""
"also_data","Audio, Video, Display & TV - Options & Accessories - Headset & Microphone Accessories","",""
"also_data","Audio, Video, Display & TV - Options & Accessories - Mounts - Ceiling","",""
"also_data","Audio, Video, Display & TV - Options & Accessories - Mounts - Desk Stand","",""
"also_data","Audio, Video, Display & TV - Options & Accessories - Mounts - Other","",""
"also_data","Audio, Video, Display & TV - Options & Accessories - Mounts - Video Wall","",""
"also_data","Audio, Video, Display & TV - Options & Accessories - Mounts - Wall","",""
"also_data","Audio, Video, Display & TV - Options & Accessories - Privacy Filters","",""
"also_data","Audio, Video, Display & TV - Projector Accessories - Lamps","",""
"also_data","Audio, Video, Display & TV - Projector Accessories - Lens","",""
"also_data","Audio, Video, Display & TV - Projector Accessories - Projector Accessories - Other","",""
"also_data","Audio, Video, Display & TV - Projector Accessories - Projector Mounting","",""
"also_data","Audio, Video, Display & TV - Projector Accessories - Projector Screens - Electric","",""
"also_data","Audio, Video, Display & TV - Projector Accessories - Projector Screens - Manual","",""
"also_data","Audio, Video, Display & TV - Projector Accessories - Projector Screens - Options","",""
"also_data","Audio, Video, Display & TV - Projector Accessories - Projector Screens - Portable","",""
"also_data","Audio, Video, Display & TV - Projectors - Business Projectors","",""
"also_data","Audio, Video, Display & TV - Projectors - Consumer Projectors","",""
"also_data","Audio, Video, Display & TV - Projectors - Installation Projectors","",""
"also_data","Audio, Video, Display & TV - Public Display & Signage - Digital Signage Displays","",""
"also_data","Audio, Video, Display & TV - Public Display & Signage - Digital Signage Displays - Outdoors","",""
"also_data","Audio, Video, Display & TV - Public Display & Signage - Digital Signage Displays - TouchScreen","",""
"also_data","Audio, Video, Display & TV - Public Display & Signage - Hotel TVs","",""
"also_data","Audio, Video, Display & TV - Public Display & Signage - LED Wall Systems","",""
"also_data","Audio, Video, Display & TV - Public Display & Signage - Signage software","",""
"also_data","Audio, Video, Display & TV - Radios - Car & Consumer Radios","",""
"also_data","Audio, Video, Display & TV - Speakers - PC Speakers & Sound Bars","",""
"also_data","Audio, Video, Display & TV - Speakers - Portable & Wireless Speakers","",""
"also_data","Audio, Video, Display & TV - Televisions - TVs","",""
"also_data","Audio, Video, Display & TV - Televisions - TVs Accessories","",""
"also_data","Components - Chassis & System Cases - PC Chassis & System Cases","",""
"also_data","Components - Chassis & System Cases - Server System Cases","",""
"also_data","Components - Components Accessories - Components Accessories - Other","",""
"also_data","Components - Components Accessories - Graphic Card Accessories","",""
"also_data","Components - Components Accessories - Storage Drive Accessories","",""
"also_data","Components - Controllers - Host Bus Adapters (HBA)","",""
"also_data","Components - Controllers - Raid Controllers","",""
"also_data","Components - Fans & Cooling Systems - Computer Coolers","",""
"also_data","Components - Fans & Cooling Systems - Computer Fans","",""
"also_data","Components - Fans & Cooling Systems - Fans & Cooling Systems","",""
"also_data","Components - Graphic Cards (GPU) - Graphic Cards - Consumer & Gaming","",""
"also_data","Components - Graphic Cards (GPU) - Graphic Cards - Server","",""
"also_data","Components - Graphic Cards (GPU) - Graphic Cards - Workstation","",""
"also_data","Components - Memory","",""
"also_data","Components - Memory - Desktop Memory","",""
"also_data","Components - Memory - Flash Memory","",""
"also_data","Components - Memory - Notebook Memory","",""
"also_data","Components - Memory - Server Memory","",""
"also_data","Components - Memory - USB Flash Drives","",""
"also_data","Components - Motherboards","",""
"also_data","Components - Motherboards - Motherboards - AMD","",""
"also_data","Components - Motherboards - Motherboards - INTEL","",""
"also_data","Components - Motherboards - Motherboards - Servers","",""
"also_data","Components - Optical Drives - Blu-Ray, CD/DVD & Floppy Drives","",""
"also_data","Components - Power Supplies (PSU) - Power Supply - PC","",""
"also_data","Components - Power Supplies (PSU) - Power Supply - Server","",""
"also_data","Components - Processors (CPU) - Desktop Processors","",""
"also_data","Components - Processors (CPU) - Server & Workstation Processors","",""
"also_data","Components - Sound Cards - Sound Cards","",""
"also_data","Components - Storage Drives - External HDDs","",""
"also_data","Components - Storage Drives - External SSDs","",""
"also_data","Components - Storage Drives - Internal HDDs","",""
"also_data","Components - Storage Drives - Internal SSDs","",""
"also_data","Conferencing Systems - Audio Conferencing - Audio Conferencing","",""
"also_data","Conferencing Systems - Audio Conferencing - IP Phones","",""
"also_data","Conferencing Systems - Conferencing PC - Conferencing PCs","",""
"also_data","Conferencing Systems - Conferencing Systems Accessories - Conferencing Systems Accessories","",""
"also_data","Conferencing Systems - Video Conferencing - Video Conferencing","",""
"also_data","Education - Computer Accessory EDU - Input Pen EDU","",""
"also_data","Education - Computer Accessory EDU - Notebook & Tablet Trolley EDU","",""
"also_data","Education - Presentation EDU - Presentation Accessory EDU","",""
"also_data","Electrical Energy Products - Battery Storage - Battery Storage","",""
"also_data","Electrical Energy Products - Battery Storage - Battery Storage Accessories","",""
"also_data","Electrical Energy Products - Chargers - Chargers","",""
"also_data","Electrical Energy Products - Panels - Panels","",""
"also_data","Electrical Energy Products - Solar Energy Components - Inverters","",""
"also_data","Electrical Energy Products - Solar Energy Components - Optimizers","",""
"also_data","Electrical Energy Products - Solar Energy Components - Solar Energy Components Accessories","",""
"also_data","Electrical Energy Products - Solar Energy Components - Tools","",""
"also_data","Gaming - Gaming Accessories - Gamepads & Joysticks","",""
"also_data","Gaming - Gaming Accessories - Gaming Chairs & Tables","",""
"also_data","Gaming - Gaming Accessories - Gaming Headsets & Speakers","",""
"also_data","Gaming - Gaming Accessories - Gaming Mouse & Keyboards","",""
"also_data","Gaming - Gaming Accessories - Gaming Mousepads","",""
"also_data","Gaming - Gaming Components - Gaming Cases & Chassis","",""
"also_data","Gaming - Gaming Components - Gaming CPU Coolers & Fans","",""
"also_data","Gaming - Gaming Components - Gaming Graphics cards","",""
"also_data","Gaming - Gaming Components - Gaming Motherboards","",""
"also_data","Gaming - Gaming Components - Gaming Power Supply Unit (PSU)","",""
"also_data","Gaming - Gaming Components - Gaming Storage & Memory","",""
"also_data","Gaming - Gaming Computers - Gaming Notebooks","",""
"also_data","Gaming - Gaming Computers - Gaming PCs","",""
"also_data","Gaming - Gaming Displays - Gaming Monitors","",""
"also_data","Gaming - Video Games - Console Games","",""
"also_data","Household Products - Ironing & Cleaning - Cleaning - Chemical Products","",""
"also_data","Household Products - Ironing & Cleaning - Vacuum Cleaners & Accessories","",""
"also_data","Household Products - Kitchen Appliances - Blenders & Slicing Machines","",""
"also_data","Household Products - Kitchen Appliances - Other Kitchen Appliances","",""
"also_data","Household Products - Small Household Products - Clocks","",""
"also_data","Household Products - Small Household Products - Home Tools & Accessories","",""
"also_data","Household Products - Small Household Products - Light Bulbs & Lamps","",""
"also_data","Household Products - Sport & Hobbies - Sport & Hobbies Product Accessories","",""
"also_data","Internet of Things (IoT) - IoT Applications & Services - IoT Services","",""
"also_data","Internet of Things (IoT) - IoT Connectivity Services - IoT Connectivity Services","",""
"also_data","Internet of Things (IoT) - IoT Devices - IoT Accessories","",""
"also_data","Internet of Things (IoT) - IoT Devices - IoT Devices (Sensors & Actuators)","",""
"also_data","Internet of Things (IoT) - IoT Devices - IoT Gateways","",""
"also_data","Internet of Things (IoT) - IoT Devices - IoT Switches","",""
"also_data","Internet of Things (IoT) - IoT Devices - IoT Wearables","",""
"also_data","Medical Equipment - Medical IT Accessories - Medical IT Accessories","",""
"also_data","Medical Equipment - Medical Mounting Systems - Medical Display Mounts","",""
"also_data","Medical Equipment - Medical Workstation & Trolleys - Medical Trolleys","",""
"also_data","Medical Equipment - Medical Workstation & Trolleys - Medical Workstations","",""
"also_data","Network & Smart Home - Network - Accesspoints & Controllers","",""
"also_data","Network & Smart Home - Network - Firewalls","",""
"also_data","Network & Smart Home - Network - Modems","",""
"also_data","Network & Smart Home - Network - Network Antennas","",""
"also_data","Network & Smart Home - Network - Powerline Adapters","",""
"also_data","Network & Smart Home - Network - Routers","",""
"also_data","Network & Smart Home - Network - Switch - Cabled","",""
"also_data","Network & Smart Home - Network - Switch - Chassis","",""
"also_data","Network & Smart Home - Network - Switch - CLI Managed","",""
"also_data","Network & Smart Home - Network - Switch - PoE","",""
"also_data","Network & Smart Home - Network - Switch - Unmanaged","",""
"also_data","Network & Smart Home - Network - Switch - Webmanaged","",""
"also_data","Network & Smart Home - Network Accessories - Network & DAC Cables","",""
"also_data","Network & Smart Home - Network Accessories - Network Cards & Adapters","",""
"also_data","Network & Smart Home - Network Accessories - Network Other Accessories","",""
"also_data","Network & Smart Home - Network Accessories - Network Power Supply","",""
"also_data","Network & Smart Home - Smart Home - Smart Energy Products","",""
"also_data","Network & Smart Home - Smart Home - Smart Home Devices Accessories & Parts","",""
"also_data","Network & Smart Home - Smart Home - Smart Lighting & Electrical Products","",""
"also_data","Network & Smart Home - Smart Home - Smart Security & Assisted Living","",""
"also_data","Notebook, PC & Tablet - Notebooks - Business Notebooks","",""
"also_data","Notebook, PC & Tablet - Notebooks - Consumer & Gaming Notebooks","",""
"also_data","Notebook, PC & Tablet - Notebooks - Refurbished Notebooks","",""
"also_data","Notebook, PC & Tablet - Notebooks - Workstation Notebooks","",""
"also_data","Notebook, PC & Tablet - Options & Accessories - Docking - Notebooks & Tablets","",""
"also_data","Notebook, PC & Tablet - Options & Accessories - Notebook Batteries","",""
"also_data","Notebook, PC & Tablet - Options & Accessories - Notebook Power Adapters","",""
"also_data","Notebook, PC & Tablet - Options & Accessories - PC Accessories","",""
"also_data","Notebook, PC & Tablet - Options & Accessories - Point Of Sale (POS) Accessories","",""
"also_data","Notebook, PC & Tablet - Options & Accessories - Tablet Accessories","",""
"also_data","Notebook, PC & Tablet - Personal Computers (PC) - All In One Desktops","",""
"also_data","Notebook, PC & Tablet - Personal Computers (PC) - Barebones","",""
"also_data","Notebook, PC & Tablet - Personal Computers (PC) - Business Desktops","",""
"also_data","Notebook, PC & Tablet - Personal Computers (PC) - Consumer & Gaming Desktops","",""
"also_data","Notebook, PC & Tablet - Personal Computers (PC) - Refurbished PCs","",""
"also_data","Notebook, PC & Tablet - Personal Computers (PC) - Terminal & Thin Client PC","",""
"also_data","Notebook, PC & Tablet - Personal Computers (PC) - Workstation Desktops","",""
"also_data","Notebook, PC & Tablet - Tablets - Tablets - Android","",""
"also_data","Notebook, PC & Tablet - Tablets - Tablets - Windows","",""
"also_data","Office Equipment - Furniture - Charging Stations & Carts","",""
"also_data","Office Equipment - Furniture - Trolleys, Desks & Chairs","",""
"also_data","Office Equipment - Office Supplies - Batteries & Chargers","",""
"also_data","Office Equipment - Office Supplies - Small Office Stationery","",""
"also_data","Office Equipment - Office Supplies - Storage Media, CD, DVD, Bluray, Floppy","",""
"also_data","Office Equipment - Office Supplies - Work Ergonomic Products","",""
"also_data","Peripherals & Accessories - Bag & Cases - Backpacks","",""
"also_data","Peripherals & Accessories - Bag & Cases - Notebook Bags & Cases","",""
"also_data","Peripherals & Accessories - Bag & Cases - Notebook Sleeves","",""
"also_data","Peripherals & Accessories - Bag & Cases - Tablet Cases & Sleeves","",""
"also_data","Peripherals & Accessories - Cable & Adapters - Adapters","",""
"also_data","Peripherals & Accessories - Cable & Adapters - Cable - Locks","",""
"also_data","Peripherals & Accessories - Cable & Adapters - Cable - Others","",""
"also_data","Peripherals & Accessories - Cable & Adapters - Cable - Power","",""
"also_data","Peripherals & Accessories - Cable & Adapters - Cable - USB & Thunderbolt","",""
"also_data","Peripherals & Accessories - Cable & Adapters - USB Hub","",""
"also_data","Peripherals & Accessories - Desktop & Combos - Mouse & Keyboard - Wired","",""
"also_data","Peripherals & Accessories - Desktop & Combos - Mouse & Keyboard - Wireless","",""
"also_data","Peripherals & Accessories - Digitizers - Digitizer Pens & Stylus","",""
"also_data","Peripherals & Accessories - Keyboards - Keyboards - Ergonomic","",""
"also_data","Peripherals & Accessories - Keyboards - Keyboards - Wired","",""
"also_data","Peripherals & Accessories - Keyboards - Keyboards - Wireless","",""
"also_data","Peripherals & Accessories - Keyboards - Numeric Keypads","",""
"also_data","Peripherals & Accessories - KVM - KVM Accessories","",""
"also_data","Peripherals & Accessories - KVM - KVM Switches","",""
"also_data","Peripherals & Accessories - Mouse, Trackballs & Presenters - Mouse - Ergonomic","",""
"also_data","Peripherals & Accessories - Mouse, Trackballs & Presenters - Mouse - Wired","",""
"also_data","Peripherals & Accessories - Mouse, Trackballs & Presenters - Mouse - Wireless","",""
"also_data","Peripherals & Accessories - Mouse, Trackballs & Presenters - Mousepads","",""
"also_data","Peripherals & Accessories - Mouse, Trackballs & Presenters - Multimedia Controllers","",""
"also_data","Peripherals & Accessories - Mouse, Trackballs & Presenters - Presenters","",""
"also_data","Peripherals & Accessories - Power Protection - Power Protection & Surge Outlets","",""
"also_data","Peripherals & Accessories - USB & Card Readers - Flash Card Readers","",""
"also_data","Peripherals & Accessories - USB & Card Readers - USB Card Readers","",""
"also_data","Print, Scan & Supplies - 3D Printer & Scanner Accessories - 3D Supplies & Filaments","",""
"also_data","Print, Scan & Supplies - Copier & Telefax - Copier & Telefax Accessories","",""
"also_data","Print, Scan & Supplies - Large Format Printer (LFP) - Large Format Accessories","",""
"also_data","Print, Scan & Supplies - Large Format Printer (LFP) - Plotter & Scanners","",""
"also_data","Print, Scan & Supplies - Printers & Multifunction (MFP) - Multifunction Printers - Ink","",""
"also_data","Print, Scan & Supplies - Printers & Multifunction (MFP) - Multifunction Printers - Laser Color","",""
"also_data","Print, Scan & Supplies - Printers & Multifunction (MFP) - Multifunction Printers - Laser Mono","",""
"also_data","Print, Scan & Supplies - Printers & Multifunction (MFP) - Printers - Ink","",""
"also_data","Print, Scan & Supplies - Printers & Multifunction (MFP) - Printers - Ink Photo","",""
"also_data","Print, Scan & Supplies - Printers & Multifunction (MFP) - Printers - Label","",""
"also_data","Print, Scan & Supplies - Printers & Multifunction (MFP) - Printers - Laser Color","",""
"also_data","Print, Scan & Supplies - Printers & Multifunction (MFP) - Printers - Laser Mono","",""
"also_data","Print, Scan & Supplies - Printers & Multifunction (MFP) - Printers - Matrix","",""
"also_data","Print, Scan & Supplies - Printers, Scanner, Copier Accessories - Matrix Printer Accessories","",""
"also_data","Print, Scan & Supplies - Printers, Scanner, Copier Accessories - Print Server Adaptors","",""
"also_data","Print, Scan & Supplies - Printers, Scanner, Copier Accessories - Printer Accessories - Other","",""
"also_data","Print, Scan & Supplies - Printers, Scanner, Copier Accessories - Scanner Accessories - Other","",""
"also_data","Print, Scan & Supplies - Printers, Scanner, Copier Accessories - Stackers & Staplers","",""
"also_data","Print, Scan & Supplies - Printers, Scanner, Copier Accessories - Stands","",""
"also_data","Print, Scan & Supplies - Printers, Scanner, Copier Accessories - Trays","",""
"also_data","Print, Scan & Supplies - Scanners - Barcode Scanners","",""
"also_data","Print, Scan & Supplies - Scanners - Document Scanners","",""
"also_data","Print, Scan & Supplies - Scanners - Photo Scanners","",""
"also_data","Print, Scan & Supplies - Supplies - Ink - Inks & Ink Printheads","",""
"also_data","Print, Scan & Supplies - Supplies - Ink - Other Inkjet Accessories","",""
"also_data","Print, Scan & Supplies - Supplies - Label Printer - Tapes & Labels","",""
"also_data","Print, Scan & Supplies - Supplies - Large Format Printer (LFP) - LFP Inks & LFP Printheads","",""
"also_data","Print, Scan & Supplies - Supplies - Large Format Printer (LFP) - LFP Maintenance & Cleaning Kits","",""
"also_data","Print, Scan & Supplies - Supplies - Laser - Laser Drums","",""
"also_data","Print, Scan & Supplies - Supplies - Laser - Laser Maintenance Kit","",""
"also_data","Print, Scan & Supplies - Supplies - Laser - Laser Photoconductors","",""
"also_data","Print, Scan & Supplies - Supplies - Laser - Printer Fuser Kits","",""
"also_data","Print, Scan & Supplies - Supplies - Laser - Staples","",""
"also_data","Print, Scan & Supplies - Supplies - Laser - Toners","",""
"also_data","Print, Scan & Supplies - Supplies - Laser - Transfer Belt Units & Kits","",""
"also_data","Print, Scan & Supplies - Supplies - Laser - Waste Toner Boxes","",""
"also_data","Print, Scan & Supplies - Supplies - Matrix Printer - Ribbons","",""
"also_data","Print, Scan & Supplies - Supplies - Paper - Labels, Receipts & Matrix","",""
"also_data","Print, Scan & Supplies - Supplies - Paper - Large Format Papers","",""
"also_data","Print, Scan & Supplies - Supplies - Paper - Office & Photo Papers","",""
"also_data","Professional Radios & Repeaters - Portable Radios - License-free Radios","",""
"also_data","Professional Radios & Repeaters - Professional Radios - Accessories - Chargers and accessories","",""
"also_data","Professional Radios & Repeaters - Repeaters - accessories - Other accessories","",""
"also_data","Server, Storage & UPS - Power Distribution Units (PDU) - PDU Basic","",""
"also_data","Server, Storage & UPS - Power Distribution Units (PDU) - PDU Managed","",""
"also_data","Server, Storage & UPS - Power Distribution Units (PDU) - PDU Metered","",""
"also_data","Server, Storage & UPS - Power Distribution Units (PDU) - PDU Monitored","",""
"also_data","Server, Storage & UPS - Power Distribution Units (PDU) - PDU Switched","",""
"also_data","Server, Storage & UPS - Rack Enclosures - Rack Cabinets","",""
"also_data","Server, Storage & UPS - Server, Storage & UPS Accessories - PDU Options","",""
"also_data","Server, Storage & UPS - Server, Storage & UPS Accessories - Rack Cabinet Accessories","",""
"also_data","Server, Storage & UPS - Server, Storage & UPS Accessories - Server, Storage - Other Accessories","",""
"also_data","Server, Storage & UPS - Server, Storage & UPS Accessories - UPS Accessories & Battery Packs","",""
"also_data","Server, Storage & UPS - Servers - Rack Servers","",""
"also_data","Server, Storage & UPS - Servers - Tower Servers","",""
"also_data","Server, Storage & UPS - Storage - Disk Shelves","",""
"also_data","Server, Storage & UPS - Storage - Infrastructure Storage","",""
"also_data","Server, Storage & UPS - Storage - JBOD & SANs","",""
"also_data","Server, Storage & UPS - Storage - NAS","",""
"also_data","Server, Storage & UPS - Storage - Server HDD","",""
"also_data","Server, Storage & UPS - Storage - Server SSD","",""
"also_data","Server, Storage & UPS - Storage - Tape Storage","",""
"also_data","Server, Storage & UPS - Uninterruptible Power Supply (UPS) - Line Interactive Rack Mounts","",""
"also_data","Server, Storage & UPS - Uninterruptible Power Supply (UPS) - Line Interactive Towers","",""
"also_data","Server, Storage & UPS - Uninterruptible Power Supply (UPS) - Off Line UPS","",""
"also_data","Server, Storage & UPS - Uninterruptible Power Supply (UPS) - Online Rack Mounts","",""
"also_data","Server, Storage & UPS - Uninterruptible Power Supply (UPS) - Online Towers","",""
"also_data","Software & Cloud - Antivirus & Security Software - Authentication Software","",""
"also_data","Software & Cloud - Antivirus & Security Software - Firewall Software","",""
"also_data","Software & Cloud - Antivirus & Security Software - Security Suites Software","",""
"also_data","Software & Cloud - Antivirus & Security Software - VPN Software","",""
"also_data","Software & Cloud - Network Software - Network & Enterprise Management Software","",""
"also_data","Software & Cloud - Network Software - Network Appliance Software","",""
"also_data","Software & Cloud - Network Software - Web Conferencing Software","",""
"also_data","Software & Cloud - Office Software - Office Application Suites","",""
"also_data","Software & Cloud - Operating Systems - Linux & Unix Software","",""
"also_data","Software & Cloud - Operating Systems - Microsoft Windows Software","",""
"also_data","Software & Cloud - Server Software & Licences - Server CAL","",""
"also_data","Software & Cloud - Server Software & Licences - Server Software","",""
"also_data","Software & Cloud - Utilities Software - Cloud Software & Services","",""
"also_data","Software & Cloud - Utilities Software - Recovery, Backup & Storage Software","",""
"also_data","Software & Cloud - Utilities Software - Virtualization Software","",""
"also_data","Telecom & Wearables - Landline Telephones - Desk Phone analog & SIP","",""
"also_data","Telecom & Wearables - Landline Telephones - Landline Telephone Accessories","",""
"also_data","Telecom & Wearables - Mobile Phones - Classic Mobile Phones","",""
"also_data","Telecom & Wearables - Smartphone Accessories - Smartphone - Cables & Adapters","",""
"also_data","Telecom & Wearables - Smartphone Accessories - Smartphone - Case & Bags","",""
"also_data","Telecom & Wearables - Smartphone Accessories - Smartphone - Chargers & Powerbank","",""
"also_data","Telecom & Wearables - Smartphone Accessories - Smartphone - Headsets","",""
"also_data","Telecom & Wearables - Smartphone Accessories - Smartphone - Holders","",""
"also_data","Telecom & Wearables - Smartphone Accessories - Smartphone - Screen Filter & Protectors","",""
"also_data","Telecom & Wearables - Smartphones - Android Smartphones","",""
"also_data","Telecom & Wearables - Smartphones - iPhone","",""
"also_data","Telecom & Wearables - Wearable Accessories - Wearable Accessories","",""
"also_data","Telecom & Wearables - Wearables - Smartwatches","",""
"also_data","Video Surveillance - Access Control - Access Control - Controllers","",""
"also_data","Video Surveillance - Access Control - Access Control - Others","",""
"also_data","Video Surveillance - Access Control - Access Control - Readers","",""
"also_data","Video Surveillance - Security Cameras - IP Bullet Security Cameras","",""
"also_data","Video Surveillance - Security Cameras - IP Cube Security Cameras","",""
"also_data","Video Surveillance - Security Cameras - IP Outdoor Security Cameras","",""
"also_data","Video Surveillance - Security Cameras - IP Wireless Security Cameras","",""
"also_data","Video Surveillance - Security Cameras - Security Camera Accessories","",""
"also_data","Video Surveillance - Security Cameras - Security Cameras","",""
"also_data","Warranty & Services - Warranty & Support - Conferencing System Warranty  & Licences","",""
"also_data","Warranty & Services - Warranty & Support - Digital Signage Warranty & Licences","",""
"also_data","Warranty & Services - Warranty & Support - Display Warranty & Licences","",""
"also_data","Warranty & Services - Warranty & Support - Large Format Printer Warranty & Licences","",""
"also_data","Warranty & Services - Warranty & Support - Network Product Warranty & Licences","",""
"also_data","Warranty & Services - Warranty & Support - Notebook Warranty & Licences","",""
"also_data","Warranty & Services - Warranty & Support - PC Warranty & Licences","",""
"also_data","Warranty & Services - Warranty & Support - Printer & MFP Warranty & Licences","",""
"also_data","Warranty & Services - Warranty & Support - Projector Warranty & Licences","",""
"also_data","Warranty & Services - Warranty & Support - Scanner Warranty & Licences","",""
"also_data","Warranty & Services - Warranty & Support - Server Warranty & Licences","",""
"also_data","Warranty & Services - Warranty & Support - Storage Warranty & Licences","",""
"also_data","Warranty & Services - Warranty & Support - Tablet Warranty & Licences","",""
"also_data","Warranty & Services - Warranty & Support - UPS Warranty & Licences","",""
"elko","Gadgets & Mobility > E-mobility > Scooters","",""
"elko","Gadgets & Mobility > Navigation & Car Electronics > Car Accessories","",""
"elko","Gadgets & Mobility > Navigation & Car Electronics > Navigation Accessories","",""
"elko","Gadgets & Mobility > Navigation & Car Electronics > Navigation Systems","",""
"elko","Gadgets & Mobility > Smart Home > Light Fixtures & Bulbs","",""
"elko","Gadgets & Mobility > Sports & Wearables > Camping Lanterns","",""
"elko","Gadgets & Mobility > Sports & Wearables > Fitness Bands","",""
"elko","Gadgets & Mobility > Sports & Wearables > Illumination","",""
"elko","Gadgets & Mobility > Sports & Wearables > Illumination Accessories","",""
"elko","Gadgets & Mobility > Sports & Wearables > Robots","",""
"elko","Gadgets & Mobility > Sports & Wearables > Smartwatches","",""
"elko","Gadgets & Mobility > Sports & Wearables > Sports and Watches Accessories","",""
"elko","Gadgets & Mobility > Sports & Wearables > Swimming Pool Accessories","",""
"elko","Gadgets & Mobility > Tools & Workwear > Tools","",""
"elko","Gardening & Power Tools > Garden Products > Grass Trimmers","",""
"elko","Gardening & Power Tools > Garden Products > High Pressure Washers","",""
"elko","Gardening & Power Tools > Garden Products > Lawn Mower Accessories","",""
"elko","Gardening & Power Tools > Garden Products > Lawn Mowers","",""
"elko","Gardening & Power Tools > Garden Products > Leaf Blowers","",""
"elko","Gardening & Power Tools > Garden Products > Sweepers","",""
"elko","Gardening & Power Tools > Garden Products > Water Pumps","",""
"elko","Gardening & Power Tools > Power Products > Generators","",""
"elko","Gardening & Power Tools > Power Tools > Car Air Compressors","",""
"elko","Gardening & Power Tools > Power Tools > Cordless Tool Batteries","",""
"elko","Gardening & Power Tools > Power Tools > Screwdrivers","",""
"elko","Home Appliances > Kitchen Appliances > Air Fryer Accessories","",""
"elko","Home Appliances > Kitchen Appliances > Air Fryers","",""
"elko","Home Appliances > Kitchen Appliances > Bakeware","",""
"elko","Home Appliances > Kitchen Appliances > Blenders","",""
"elko","Home Appliances > Kitchen Appliances > Casseroles","",""
"elko","Home Appliances > Kitchen Appliances > Coffee Maker Accessories","",""
"elko","Home Appliances > Kitchen Appliances > Coffee Makers","",""
"elko","Home Appliances > Kitchen Appliances > Electric Grills","",""
"elko","Home Appliances > Kitchen Appliances > Electric Kettles","",""
"elko","Home Appliances > Kitchen Appliances > Food Processors","",""
"elko","Home Appliances > Kitchen Appliances > French Presses","",""
"elko","Home Appliances > Kitchen Appliances > Frying Pans","",""
"elko","Home Appliances > Kitchen Appliances > Juice Extractors","",""
"elko","Home Appliances > Kitchen Appliances > Kettles","",""
"elko","Home Appliances > Kitchen Appliances > Kitchenware","",""
"elko","Home Appliances > Kitchen Appliances > Microwaves","",""
"elko","Home Appliances > Kitchen Appliances > Milk Frothers & Warmers","",""
"elko","Home Appliances > Kitchen Appliances > Mixers","",""
"elko","Home Appliances > Kitchen Appliances > Multicookers","",""
"elko","Home Appliances > Kitchen Appliances > Refrigerators","",""
"elko","Home Appliances > Kitchen Appliances > Sandwich Makers","",""
"elko","Home Appliances > Kitchen Appliances > Teapots","",""
"elko","Home Appliances > Kitchen Appliances > Toasters","",""
"elko","Home Appliances > Kitchen Appliances > Waffle Irons","",""
"elko","Home Appliances > Personal Care > Beard Trimmers","",""
"elko","Home Appliances > Personal Care > Body Groomers / Shavers","",""
"elko","Home Appliances > Personal Care > Electric Toothbrushes","",""
"elko","Home Appliances > Personal Care > Epilators","",""
"elko","Home Appliances > Personal Care > Hair Clippers","",""
"elko","Home Appliances > Personal Care > Hair Dryers","",""
"elko","Home Appliances > Personal Care > Hair Straighteners","",""
"elko","Home Appliances > Personal Care > Hair Stylers","",""
"elko","Home Appliances > Personal Care > Oral Irrigators","",""
"elko","Home Appliances > Personal Care > Other Beauty Appliances","",""
"elko","Home Appliances > Personal Care > Precision Trimmers","",""
"elko","Home Appliances > Personal Care > Shavers","",""
"elko","Home Appliances > Personal Care > Toothbrush Heads","",""
"elko","Home Appliances > Pet Care > Pet Cameras","",""
"elko","Home Appliances > Pet Care > Pet Care & Hygiene","",""
"elko","Home Appliances > Pet Care > Pet Feeders & Drinkers","",""
"elko","Home Appliances > Small Household Appliances > Air Conditioners","",""
"elko","Home Appliances > Small Household Appliances > Ash Vacuums","",""
"elko","Home Appliances > Small Household Appliances > Carpet Cleaning Machines","",""
"elko","Home Appliances > Small Household Appliances > Electric Patio Cleaners","",""
"elko","Home Appliances > Small Household Appliances > Garment Steamers","",""
"elko","Home Appliances > Small Household Appliances > Handheld Vacuums","",""
"elko","Home Appliances > Small Household Appliances > Irons","",""
"elko","Home Appliances > Small Household Appliances > Mops","",""
"elko","Home Appliances > Small Household Appliances > Other Appliances","",""
"elko","Home Appliances > Small Household Appliances > Portable lamps","",""
"elko","Home Appliances > Small Household Appliances > Shoe & Clothes Care","",""
"elko","Home Appliances > Small Household Appliances > Smart Light Fixtures","",""
"elko","Home Appliances > Small Household Appliances > Steam Ironing Stations","",""
"elko","Home Appliances > Small Household Appliances > Stick Vacuums &Electric Brooms","",""
"elko","Home Appliances > Small Household Appliances > Vacuum Cleaner Accessories","",""
"elko","Home Appliances > Small Household Appliances > Vacuum Cleaners","",""
"elko","Home Appliances > Small Household Appliances > Vacuum Cleaners Robots","",""
"elko","Home Appliances > Small Household Appliances > Vacuum Robot Accessories","",""
"elko","Networking > Wired devices > Bridges & Repeaters","",""
"elko","Networking > Wired devices > Gateways/Controllers","",""
"elko","Networking > Wired devices > InfiniBand &Fiber Optic Cables","",""
"elko","Networking > Wired devices > KVM Switches","",""
"elko","Networking > Wired devices > Media Convertors &Modules","",""
"elko","Networking > Wired devices > Net Switch Components","",""
"elko","Networking > Wired devices > Net Switch Modules","",""
"elko","Networking > Wired devices > Net Transceiver Modules","",""
"elko","Networking > Wired devices > POE Devices","",""
"elko","Networking > Wired devices > Powerline","",""
"elko","Networking > Wired devices > Routers","",""
"elko","Networking > Wired devices > Switches","",""
"elko","Networking > Wired devices > Wired Network Adapters","",""
"elko","Networking > Wireless equipment > 3G/4G Routers","",""
"elko","Networking > Wireless equipment > Antennas And Accessories","",""
"elko","Networking > Wireless equipment > Celluar Network Devices","",""
"elko","Networking > Wireless equipment > Mesh Wi-Fi Systems","",""
"elko","Networking > Wireless equipment > Modems","",""
"elko","Networking > Wireless equipment > Network Cards & Adapters","",""
"elko","Networking > Wireless equipment > Network Equipmment Spare Parts","",""
"elko","Networking > Wireless equipment > Outdoor Networking","",""
"elko","Networking > Wireless equipment > Wireless Access Points","",""
"elko","Networking > Wireless equipment > Wireless Network Controllers","",""
"elko","Networking > Wireless equipment > Wireless Range Extenders","",""
"elko","Networking > Wireless equipment > Wireless Routers","",""
"elko","Notebooks, PC & Accessories > Desktop Computers > All-in-One PCs","",""
"elko","Notebooks, PC & Accessories > Desktop Computers > Desktop Computers","",""
"elko","Notebooks, PC & Accessories > Desktop Computers > Mini Desktop Computers","",""
"elko","Notebooks, PC & Accessories > Desktop Computers > NUC","",""
"elko","Notebooks, PC & Accessories > Notebooks > Backpacks","",""
"elko","Notebooks, PC & Accessories > Notebooks > Notebook Accessories","",""
"elko","Notebooks, PC & Accessories > Notebooks > Notebook Bags","",""
"elko","Notebooks, PC & Accessories > Notebooks > Notebook Docks","",""
"elko","Notebooks, PC & Accessories > Notebooks > Notebooks","",""
"elko","Notebooks, PC & Accessories > Notebooks > Rugged Notebook Accessories","",""
"elko","Notebooks, PC & Accessories > Notebooks > Rugged Notebooks","",""
"elko","PC Components > Accessories & Peripherals > Internal PC Cables","",""
"elko","PC Components > Accessories & Peripherals > PC Mounts & Accessories","",""
"elko","PC Components > Accessories & Peripherals > Trusted Platform Modules (TPM)","",""
"elko","PC Components > Cases & PSU > Case Mods & Parts","",""
"elko","PC Components > Cases & PSU > Cases","",""
"elko","PC Components > Cooling > Cooling Accessories","",""
"elko","PC Components > Cooling > CPU Coolers","",""
"elko","PC Components > Cooling > System & VGA Coolers","",""
"elko","PC Components > Mainboards > Mainboards for AMD CPUs","",""
"elko","PC Components > Mainboards > Mainboards for Intel CPUs","",""
"elko","PC Components > PC Power Supplies > Desktop Computer PSU","",""
"elko","PC Components > Processors > CPU","",""
"elko","PC Components > RAM > Memory DIMM","",""
"elko","PC Components > RAM > Memory SODIMM","",""
"elko","PC Components > Video & Sound Cards > Sound Cards","",""
"elko","PC Components > Video & Sound Cards > Video Cards","",""
"elko","Peripherals & Office Products > Accessories > Cable Organizers","",""
"elko","Peripherals & Office Products > Accessories > Cleaning Products","",""
"elko","Peripherals & Office Products > Accessories > I/O Cards & Adapters","",""
"elko","Peripherals & Office Products > Accessories > Interface Hubs","",""
"elko","Peripherals & Office Products > Accessories > USB Hubs","",""
"elko","Peripherals & Office Products > Keyboards & Mouse > Desk Pads","",""
"elko","Peripherals & Office Products > Keyboards & Mouse > Input Device Accessories","",""
"elko","Peripherals & Office Products > Keyboards & Mouse > Keyboards","",""
"elko","Peripherals & Office Products > Keyboards & Mouse > Mouse Devices","",""
"elko","Peripherals & Office Products > Keyboards & Mouse > Mouse Pads","",""
"elko","Peripherals & Office Products > Keyboards & Mouse > Numeric Keypads","",""
"elko","Peripherals & Office Products > Keyboards & Mouse > Wrist Rests","",""
"elko","Peripherals & Office Products > Monitors > Monitor Accessories","",""
"elko","Peripherals & Office Products > Monitors > Monitor Mount Accessories","",""
"elko","Peripherals & Office Products > Monitors > USB Graphics Adapters","",""
"elko","Peripherals & Office Products > Multimedia > Alarm clocks","",""
"elko","Peripherals & Office Products > Multimedia > Digitizers","",""
"elko","Peripherals & Office Products > Office Products > Binding Machines","",""
"elko","Peripherals & Office Products > Office Products > Computer Desks","",""
"elko","Peripherals & Office Products > Office Products > Conference Systems","",""
"elko","Peripherals & Office Products > Office Products > Dehumidifiers","",""
"elko","Peripherals & Office Products > Office Products > Humidifiers","",""
"elko","Peripherals & Office Products > Office Products > Other Office Products","",""
"elko","Peripherals & Office Products > Office Products > Shredder Accessories","",""
"elko","Peripherals & Office Products > Office Products > Shredders","",""
"elko","Peripherals & Office Products > Office Products > Sneeze Guards","",""
"elko","Peripherals & Office Products > Office Products > Standing Desk Frames","",""
"elko","Peripherals & Office Products > Office Products > VoIP","",""
"elko","Peripherals & Office Products > Office Products > Wired Telephones","",""
"elko","Peripherals & Office Products > Office Products > Workspace Ergonomics","",""
"elko","Peripherals & Office Products > Printers, Scanners & Supplies > All In One","",""
"elko","Peripherals & Office Products > Printers, Scanners & Supplies > Ink Cartridges","",""
"elko","Peripherals & Office Products > Printers, Scanners & Supplies > Laser Printer Supplies","",""
"elko","Peripherals & Office Products > Printers, Scanners & Supplies > Laser Printers","",""
"elko","Peripherals & Office Products > Printers, Scanners & Supplies > Printer Drums","",""
"elko","Peripherals & Office Products > Printers, Scanners & Supplies > Scanners","",""
"elko","Peripherals & Office Products > Projectors > Presenters","",""
"elko","Peripherals & Office Products > Projectors > Projector Mounts","",""
"elko","Peripherals & Office Products > Projectors > Projectors & Screens","",""
"elko","POS Solutions > Desktop POS","",""
"elko","POS Solutions > Handheld PDA","",""
"elko","POS Solutions > Kiosk SCO","",""
"elko","POS Solutions > Mobile POS","",""
"elko","POS Solutions > POS Accessories","",""
"elko","POS Solutions > POS Printers","",""
"elko","POS Solutions > POS Products","",""
"elko","Power Supplies & UPS > Batteries For UPS","",""
"elko","Power Supplies & UPS > Notebook Chargers","",""
"elko","Power Supplies & UPS > PC Power Cables","",""
"elko","Power Supplies & UPS > Power Adapters & Invertors","",""
"elko","Power Supplies & UPS > Power Strips","",""
"elko","Power Supplies & UPS > Smart Plugs","",""
"elko","Power Supplies & UPS > Surge Protectors","",""
"elko","Power Supplies & UPS > UPS For Workstations","",""
"elko","Power Supplies & UPS > UPS Options","",""
"elko","Renewable Power > Electric Car Charging","",""
"elko","Renewable Power > Power Station Accessories","",""
"elko","Renewable Power > Power Stations","",""
"elko","Renewable Power > Solar Inverters","",""
"elko","Renewable Power > Solar Panels","",""
"elko","Security Solutions > Access Control Systems > Access Cards","",""
"elko","Security Solutions > Access Control Systems > Card Readers","",""
"elko","Security Solutions > Access Control Systems > Door Controllers","",""
"elko","Security Solutions > Access Control Systems > RFID Tags","",""
"elko","Security Solutions > Access Control Systems > Security Screening","",""
"elko","Security Solutions > Door Entry Systems > DES Accessories","",""
"elko","Security Solutions > Door Entry Systems > Doorphone Mounting Accessories","",""
"elko","Security Solutions > Door Entry Systems > Doorphone Systems","",""
"elko","Security Solutions > Door Entry Systems > Network Doorphones","",""
"elko","Security Solutions > Door Entry Systems > Standalone Locks","",""
"elko","Security Solutions > Fire Alarm Systems > Fire Alarm Accessories","",""
"elko","Security Solutions > Intruder Alarm Systems > Additional Modules","",""
"elko","Security Solutions > Intruder Alarm Systems > Batteries","",""
"elko","Security Solutions > Intruder Alarm Systems > Control Panels","",""
"elko","Security Solutions > Intruder Alarm Systems > Detectors","",""
"elko","Security Solutions > Intruder Alarm Systems > Keypads","",""
"elko","Security Solutions > Intruder Alarm Systems > Power Supplies","",""
"elko","Security Solutions > Intruder Alarm Systems > Remote Controllers","",""
"elko","Security Solutions > Intruder Alarm Systems > Security Accessories","",""
"elko","Security Solutions > Intruder Alarm Systems > Sirens","",""
"elko","Security Solutions > Video Surveillance > AccessoriesCCTV IP","",""
"elko","Security Solutions > Video Surveillance > Analog CCTV Accessories","",""
"elko","Security Solutions > Video Surveillance > CCTV Lenses","",""
"elko","Security Solutions > Video Surveillance > DVR","",""
"elko","Security Solutions > Video Surveillance > HDCVI Cameras","",""
"elko","Security Solutions > Video Surveillance > IP Cameras","",""
"elko","Security Solutions > Video Surveillance > NVR","",""
"elko","Security Solutions > Video Surveillance > Video Decoders","",""
"elko","Security Solutions > Video Surveillance > Video Surveillance Software","",""
"elko","Security Solutions > Video Surveillance > Warranty Extensions","",""
"elko","Servers & Components > Server Components > Cooling Parts","",""
"elko","Servers & Components > Server Components > Mainboards","",""
"elko","Servers & Components > Server Components > Memory","",""
"elko","Servers & Components > Server Components > Server Cables","",""
"elko","Servers & Components > Server Components > Server CPU","",""
"elko","Servers & Components > Server Components > Server Disk Drive Controllers","",""
"elko","Servers & Components > Server Components > Server Parts","",""
"elko","Servers & Components > Server Components > Server PSU","",""
"elko","Servers & Components > Servers & Chassis > Servers","",""
"elko","Smartphones & Tablets > Smartphones > Feature Phones","",""
"elko","Smartphones & Tablets > Smartphones > Phone Accessories","",""
"elko","Smartphones & Tablets > Smartphones > Phone Car Mounts","",""
"elko","Smartphones & Tablets > Smartphones > Powerbanks","",""
"elko","Smartphones & Tablets > Smartphones > Smartphone Covers & Cases","",""
"elko","Smartphones & Tablets > Smartphones > Smartphones","",""
"elko","Smartphones & Tablets > Tablets & E-Readers > Children's tablets","",""
"elko","Smartphones & Tablets > Tablets & E-Readers > E-Reader Accessories","",""
"elko","Smartphones & Tablets > Tablets & E-Readers > E-Reader Cases","",""
"elko","Smartphones & Tablets > Tablets & E-Readers > E-Readers","",""
"elko","Smartphones & Tablets > Tablets & E-Readers > Mobile Device Chargers","",""
"elko","Smartphones & Tablets > Tablets & E-Readers > Mobile Device Keyboards","",""
"elko","Smartphones & Tablets > Tablets & E-Readers > Rugged Tablet Accessories","",""
"elko","Smartphones & Tablets > Tablets & E-Readers > Rugged Tablets","",""
"elko","Smartphones & Tablets > Tablets & E-Readers > Tablet Accessories","",""
"elko","Smartphones & Tablets > Tablets & E-Readers > Tablet Sleeves","",""
"elko","Smartphones & Tablets > Tablets & E-Readers > Tablets","",""
"elko","Smartphones & Tablets > Tablets & E-Readers > USB Cables","",""
"elko","Software > Office","",""
"elko","Software > Server OS & Applications","",""
"elko","Software > Windows OEM","",""
"elko","Software > Windows Retail","",""
"elko","Storage & NAS Systems > Storage External > Disk Arrays","",""
"elko","Storage & NAS Systems > Storage External > HDD External 2.5""","",""
"elko","Storage & NAS Systems > Storage External > HDD External 3.5""","",""
"elko","Storage & NAS Systems > Storage External > Memory Card Readers","",""
"elko","Storage & NAS Systems > Storage External > SSD External","",""
"elko","Storage & NAS Systems > Storage External > USB Flash Drives","",""
"elko","Storage & NAS Systems > Storage Internal > HDD Desktop","",""
"elko","Storage & NAS Systems > Storage Internal > HDD Enterprise SAS","",""
"elko","Storage & NAS Systems > Storage Internal > HDD Enterprise SATA","",""
"elko","Storage & NAS Systems > Storage Internal > HDD Mobile SATA","",""
"elko","Storage & NAS Systems > Storage Internal > HDD Video Surveillance","",""
"elko","Storage & NAS Systems > Storage Internal > HDD/SSD Mounting","",""
"elko","Storage & NAS Systems > Storage Internal > Network Cables","",""
"elko","Storage & NAS Systems > Storage Internal > Optical Disk Drives","",""
"elko","Storage & NAS Systems > Storage Internal > SSD Enterprise PCI-E","",""
"elko","Storage & NAS Systems > Storage Internal > SSD Enterprise SAS","",""
"elko","Storage & NAS Systems > Storage Internal > SSD Enterprise SATA","",""
"elko","Storage & NAS Systems > Storage Internal > SSD M.2","",""
"elko","Storage & NAS Systems > Storage Internal > SSD SATA","",""
"elko","Storage & NAS Systems > Storage Systems > JBOD","",""
"elko","Storage & NAS Systems > Storage Systems > Other Components","",""
"elko","Storage & NAS Systems > Storage Systems > Rack Mounting Parts","",""
"elko","Storage & NAS Systems > Storage Systems > Rack Parts & Accessories","",""
"elko","Storage & NAS Systems > Storage Systems > Storage","",""
"elko","Storage & NAS Systems > Storage Systems > Storage Memory","",""
"elko","Storage & NAS Systems > Storage Systems > Storage Software","",""
"elko","TV, Audio & Video > Audio > Audio Cables","",""
"elko","TV, Audio & Video > Audio > Car Audio Systems","",""
"elko","TV, Audio & Video > Audio > Headphone/Headset Accessories","",""
"elko","TV, Audio & Video > Audio > Headphones","",""
"elko","TV, Audio & Video > Audio > Headsets","",""
"elko","TV, Audio & Video > Audio > Home Audio","",""
"elko","TV, Audio & Video > Audio > Loudspeakers","",""
"elko","TV, Audio & Video > Audio > Microphone stands","",""
"elko","TV, Audio & Video > Audio > Microphones","",""
"elko","TV, Audio & Video > Audio > MP3 Players","",""
"elko","TV, Audio & Video > Audio > Network Audio","",""
"elko","TV, Audio & Video > Audio > PA Microphones","",""
"elko","TV, Audio & Video > Audio > Portable Speakers","",""
"elko","TV, Audio & Video > Audio > Speaker Mounts","",""
"elko","TV, Audio & Video > Audio > Speaker Sets","",""
"elko","TV, Audio & Video > Camera & Photo > Action Cameras","",""
"elko","TV, Audio & Video > Camera & Photo > Car Video Recorders","",""
"elko","TV, Audio & Video > Camera & Photo > Drone Accessories","",""
"elko","TV, Audio & Video > Camera & Photo > Drones","",""
"elko","TV, Audio & Video > Camera & Photo > Flash memory Cards & Readers","",""
"elko","TV, Audio & Video > Camera & Photo > Gimbal Accessories","",""
"elko","TV, Audio & Video > Camera & Photo > Gimbals","",""
"elko","TV, Audio & Video > Camera & Photo > Instant Cameras","",""
"elko","TV, Audio & Video > Camera & Photo > Net Cameras","",""
"elko","TV, Audio & Video > Camera & Photo > Photo/Video Cam. Accessories","",""
"elko","TV, Audio & Video > Camera & Photo > Web Cameras","",""
"elko","TV, Audio & Video > Gaming > Consoles","",""
"elko","TV, Audio & Video > Gaming > Games","",""
"elko","TV, Audio & Video > Gaming > Gaming Accessories","",""
"elko","TV, Audio & Video > Gaming > Gaming Chairs","",""
"elko","TV, Audio & Video > Gaming > Gaming Controllers","",""
"elko","TV, Audio & Video > Gaming > Head-Mounted Displays","",""
"elko","TV, Audio & Video > Gaming > Portable Game Consoles","",""
"elko","TV, Audio & Video > Monitors > Digital Signage Displays","",""
"elko","TV, Audio & Video > Monitors > DisplayPort Cables","",""
"elko","TV, Audio & Video > Monitors > DVI Cables","",""
"elko","TV, Audio & Video > Monitors > HDMI Cables","",""
"elko","TV, Audio & Video > Monitors > Monitors","",""
"elko","TV, Audio & Video > Monitors > Signage Display Mounts","",""
"elko","TV, Audio & Video > Monitors > VGA Cables","",""
"elko","TV, Audio & Video > Monitors > Video Cable Adapters","",""
"elko","TV, Audio & Video > Monitors > Video Wall Displays","",""
"elko","TV, Audio & Video > TV > Hospitality  TVs","",""
"elko","TV, Audio & Video > TV > Media Players","",""
"elko","TV, Audio & Video > TV > Mounting Kits","",""
"elko","TV, Audio & Video > TV > Portable TVs & Monitors","",""
"elko","TV, Audio & Video > TV > Smart TV Boxes","",""
"elko","TV, Audio & Video > TV > Smart TV Dongles","",""
"elko","TV, Audio & Video > TV > Soundbar Speakers","",""
"elko","TV, Audio & Video > TV > TV & Video Equipment","",""
"elko","TV, Audio & Video > TV > TV Mount Accessories","",""
"elko","TV, Audio & Video > TV > TV Mounts & Stands","",""
"elko","TV, Audio & Video > TV > TV Sets","",""
